Sexo,Nombre
Masculino,Antonio
Masculino,Jose
Masculino,Manuel
Masculino,Francisco
Masculino,Juan
Masculino,David
Masculino,Jose antonio
Masculino,Javier
Masculino,Jose luis
Masculino,Francisco javier
Masculino,Daniel
Masculino,Jesus
Masculino,Carlos
Masculino,Miguel
Masculino,Alejandro
Masculino,Jose manuel
Masculino,Rafael
Masculino,Pedro
Masculino,Miguel angel
Masculino,Angel
Masculino,Jose maria
Masculino,Fernando
Masculino,Pablo
Masculino,Luis
Masculino,Sergio
Masculino,Jorge
Masculino,Alberto
Masculino,Juan carlos
Masculino,Juan jose
Masculino,Alvaro
Masculino,Diego
Masculino,Adrian
Masculino,Raul
Masculino,Juan antonio
Masculino,Enrique
Masculino,Ramon
Masculino,Ivan
Masculino,Vicente
Masculino,Ruben
Masculino,Oscar
Masculino,Andres
Masculino,Joaquin
Masculino,Juan manuel
Masculino,Santiago
Masculino,Eduardo
Masculino,Victor
Masculino,Roberto
Masculino,Jaime
Masculino,Francisco jose
Masculino,Mario
Masculino,Ignacio
Masculino,Alfonso
Masculino,Marcos
Masculino,Salvador
Masculino,Ricardo
Masculino,Jordi
Masculino,Emilio
Masculino,Julian
Masculino,Guillermo
Masculino,Julio
Masculino,Gabriel
Masculino,Tomas
Masculino,Agustin
Masculino,Jose miguel
Masculino,Hugo
Masculino,Marc
Masculino,Gonzalo
Masculino,Jose ramon
Masculino,Mohamed
Masculino,Felix
Masculino,Joan
Masculino,Nicolas
Masculino,Ismael
Masculino,Cristian
Masculino,Samuel
Masculino,Martin
Masculino,Josep
Masculino,Mariano
Masculino,Aitor
Masculino,Juan francisco
Masculino,Domingo
Masculino,Alfredo
Masculino,Jose carlos
Masculino,Sebastian
Masculino,Hector
Masculino,Cesar
Masculino,Felipe
Masculino,Iker
Masculino,Jose angel
Masculino,Jose ignacio
Masculino,Victor manuel
Masculino,Alex
Masculino,Luis miguel
Masculino,Gregorio
Masculino,Rodrigo
Masculino,Jose francisco
Masculino,Lucas
Masculino,Juan luis
Masculino,Albert
Masculino,Xavier
Masculino,Jose
Masculino,Antonio
Masculino,Juan
Masculino,Manuel
Masculino,Francisco
Masculino,Luis
Masculino,Javier
Masculino,Miguel
Masculino,Angel
Masculino,Carlos
Masculino,Jesus
Masculino,David
Masculino,Pedro
Masculino,Daniel
Masculino,Maria
Masculino,Alejandro
Masculino,Rafael
Masculino,Fernando
Masculino,Alberto
Masculino,Pablo
Masculino,Ramon
Masculino,Jorge
Masculino,Sergio
Masculino,Enrique
Masculino,Vicente
Masculino,Andres
Masculino,Diego
Masculino,Victor
Masculino,Ignacio
Masculino,Adrian
Masculino,Alvaro
Masculino,Raul
Masculino,Eduardo
Masculino,Joaquin
Masculino,Ivan
Masculino,Oscar
Masculino,Ruben
Masculino,Santiago
Masculino,Roberto
Masculino,Alfonso
Masculino,Mario
Masculino,Jaime
Masculino,Gabriel
Masculino,Ricardo
Masculino,Emilio
Masculino,Julio
Masculino,Marcos
Masculino,Salvador
Masculino,Tomas
Masculino,Julian
Masculino,Guillermo
Masculino,Jordi
Masculino,Agustin
Masculino,Felix
Masculino,Josep
Masculino,Hugo
Masculino,Nicolas
Masculino,Joan
Masculino,Cristian
Masculino,Gonzalo
Masculino,Cesar
Masculino,Mohamed
Masculino,Martin
Masculino,Domingo
Masculino,Marc
Masculino,Sebastian
Masculino,Felipe
Masculino,Alfredo
Masculino,Mariano
Masculino,Ismael
Masculino,Samuel
Masculino,Hector
Masculino,Aitor
Masculino,Esteban
Masculino,Gregorio
Masculino,Xavier
Masculino,Rodrigo
Masculino,Iker
Masculino,Lorenzo
Masculino,Alex
Masculino,Lucas
Masculino,Arturo
Masculino,Eugenio
Masculino,Cristobal
Masculino,Albert
Masculino,Borja
Masculino,Alexander
Masculino,Valentin
Masculino,Marco
Masculino,Adolfo
Masculino,German
Masculino,Jonathan
Masculino,Christian
Masculino,Ernesto
Masculino,Isaac
Masculino,Joel
Masculino,Benito
Masculino,Aaron
Masculino,Dario
Femenino,Abel
Femenino,Maria carmen
Femenino,Maria
Femenino,Carmen
Femenino,Josefa
Femenino,Isabel
Femenino,Ana maria
Femenino,Maria pilar
Femenino,Maria dolores
Femenino,Maria teresa
Femenino,Ana
Femenino,Laura
Femenino,Maria angeles
Femenino,Cristina
Femenino,Francisca
Femenino,Marta
Femenino,Antonia
Femenino,Dolores
Femenino,Maria isabel
Femenino,Maria jose
Femenino,Lucia
Femenino,Maria luisa
Femenino,Sara
Femenino,Elena
Femenino,Pilar
Femenino,Paula
Femenino,Concepcion
Femenino,Manuela
Femenino,Rosa maria
Femenino,Raquel
Femenino,Mercedes
Femenino,Maria jesus
Femenino,Rosario
Femenino,Juana
Femenino,Teresa
Femenino,Beatriz
Femenino,Encarnacion
Femenino,Nuria
Femenino,Silvia
Femenino,Julia
Femenino,Montserrat
Femenino,Irene
Femenino,Patricia
Femenino,Rosa
Femenino,Alba
Femenino,Andrea
Femenino,Rocio
Femenino,Monica
Femenino,Maria mar
Femenino,Angela
Femenino,Alicia
Femenino,Sonia
Femenino,Sandra
Femenino,Susana
Femenino,Marina
Femenino,Margarita
Femenino,Yolanda
Femenino,Natalia
Femenino,Maria josefa
Femenino,Maria rosario
Femenino,Inmaculada
Femenino,Eva
Femenino,Maria mercedes
Femenino,Esther
Femenino,Ana isabel
Femenino,Claudia
Femenino,Angeles
Femenino,Noelia
Femenino,Veronica
Femenino,Carla
Femenino,Amparo
Femenino,Carolina
Femenino,Maria rosa
Femenino,Maria victoria
Femenino,Nerea
Femenino,Sofia
Femenino,Eva maria
Femenino,Maria concepcion
Femenino,Lorena
Femenino,Ana belen
Femenino,Miriam
Femenino,Victoria
Femenino,Ines
Femenino,Maria elena
Femenino,Maria antonia
Femenino,Catalina
Femenino,Consuelo
Femenino,Maria nieves
Femenino,Lidia
Femenino,Emilia
Femenino,Luisa
Femenino,Celia
Femenino,Gloria
Femenino,Olga
Femenino,Daniela
Femenino,Aurora
Femenino,Esperanza
Femenino,Maria soledad
Femenino,Alejandra
Femenino,Milagros
Femenino,Josefina
Femenino,Maria
Femenino,Carmen
Femenino,Ana
Femenino,Isabel
Femenino,Dolores
Femenino,Pilar
Femenino,Teresa
Femenino,Josefa
Femenino,Rosa
Femenino,Cristina
Femenino,Angeles
Femenino,Antonia
Femenino,Laura
Femenino,Elena
Femenino,Francisca
Femenino,Marta
Femenino,Mercedes
Femenino,Luisa
Femenino,Concepcion
Femenino,Rosario
Femenino,Lucia
Femenino,Jose
Femenino,Paula
Femenino,Juana
Femenino,Sara
Femenino,Manuela
Femenino,Raquel
Femenino,Jesus
Femenino,Beatriz
Femenino,Eva
Femenino,Rocio
Femenino,Patricia
Femenino,Victoria
Femenino,Encarnacion
Femenino,Julia
Femenino,Belen
Femenino,Silvia
Femenino,Andrea
Femenino,Esther
Femenino,Montserrat
Femenino,Nuria
Femenino,Angela
Femenino,Irene
Femenino,Alba
Femenino,Inmaculada
Femenino,Monica
Femenino,Sandra
Femenino,Yolanda
Femenino,Alicia
Femenino,Sonia
Femenino,Margarita
Femenino,Mar
Femenino,Marina
Femenino,Susana
Femenino,Natalia
Femenino,Amparo
Femenino,Claudia
Femenino,Nieves
Femenino,Gloria
Femenino,Ines
Femenino,Carolina
Femenino,Soledad
Femenino,Lourdes
Femenino,Veronica
Femenino,Luz
Femenino,Sofia
Femenino,Noelia
Femenino,Bego√±a
Femenino,Consuelo
Femenino,Lorena
Femenino,Asuncion
Femenino,Carla
Femenino,Alejandra
Femenino,Milagros
Femenino,Olga
Femenino,Esperanza
Femenino,Catalina
Femenino,Fatima
Femenino,Blanca
Femenino,Daniela
Femenino,Miriam
Femenino,Nerea
Femenino,Lidia
Femenino,Aurora
Femenino,Emilia
Femenino,Magdalena
Femenino,Clara
Femenino,Celia
Femenino,Anna
Femenino,Elisa
Femenino,Eugenia
Femenino,Virginia
Femenino,Josefina
Femenino,Vanesa
Femenino,Purificacion
Femenino,Adriana
Femenino,Gema
Femenino,Remedios
Femenino,Trinidad
Femenino,Ainhoa